{"cameraMode":{"drawMode":0,"name":"Shaded","section":"Shading Mode"},"sceneLighting":false,"audioPlay":false,"sceneViewState":{"m_AlwaysRefresh":false,"showFog":true,"showSkybox":false,"showFlares":true,"showImageEffects":true,"showParticleSystems":true,"showVisualEffectGraphs":true,"m_FxEnabled":true},"in2DMode":false,"pivot":{"x":-11.4399995803833,"y":0.19638143479824067,"z":0.00013203918933868408},"rotation":{"x":0.12670284509658814,"y":-0.19845342636108399,"z":0.030149176716804506,"w":0.9718184471130371},"size":0.5018254518508911,"orthographic":false}