{"cameraMode":{"drawMode":0,"name":"Shaded","section":"Shading Mode"},"sceneLighting":true,"audioPlay":false,"sceneViewState":{"m_AlwaysRefresh":false,"showFog":true,"showSkybox":true,"showFlares":true,"showImageEffects":true,"showParticleSystems":true,"showVisualEffectGraphs":true,"m_FxEnabled":true},"in2DMode":false,"pivot":{"x":1731.8916015625,"y":165.65396118164063,"z":-202.99026489257813},"rotation":{"x":-0.13432997465133668,"y":-0.08018720149993897,"z":0.009114712476730347,"w":-0.9879403710365295},"size":138.45005798339845,"orthographic":false}