{"cameraMode":{"drawMode":0,"name":"Shaded","section":"Shading Mode"},"sceneLighting":true,"audioPlay":false,"sceneViewState":{"m_AlwaysRefresh":false,"showFog":true,"showSkybox":true,"showFlares":true,"showImageEffects":true,"showParticleSystems":true,"showVisualEffectGraphs":true,"m_FxEnabled":true},"in2DMode":false,"pivot":{"x":-30.117748260498048,"y":5.583311557769775,"z":17.959959030151368},"rotation":{"x":-0.07310062646865845,"y":0.9093013405799866,"z":-0.19060389697551728,"w":-0.36356401443481448},"size":2.6955935955047609,"orthographic":false}