{"cameraMode":{"drawMode":0,"name":"Shaded","section":"Shading Mode"},"sceneLighting":false,"audioPlay":false,"sceneViewState":{"m_AlwaysRefresh":false,"showFog":true,"showSkybox":false,"showFlares":true,"showImageEffects":true,"showParticleSystems":true,"showVisualEffectGraphs":true,"m_FxEnabled":true},"in2DMode":false,"pivot":{"x":12.053577423095704,"y":1.9570658206939698,"z":-0.026485681533813478},"rotation":{"x":-0.1036279946565628,"y":0.7824203968048096,"z":-0.13536417484283448,"w":-0.5989869236946106},"size":4.2013020515441898,"orthographic":false}